horizon,HAR_mean_abs_acf_gap,RF_mean_abs_acf_gap
1,0.012324930160042245,0.10247695866308834
22,0.16557586385206027,0.07667813867076552
